--
-- PostgreSQL database dump
--

-- Dumped from database version 17.4 (Debian 17.4-1.pgdg120+2)
-- Dumped by pg_dump version 17.4 (Debian 17.4-1.pgdg120+2)

SET statement_timeout = 0;
SET lock_timeout = 0;
SET idle_in_transaction_session_timeout = 0;
SET transaction_timeout = 0;
SET client_encoding = 'UTF8';
SET standard_conforming_strings = on;
SELECT pg_catalog.set_config('search_path', '', false);
SET check_function_bodies = false;
SET xmloption = content;
SET client_min_messages = warning;
SET row_security = off;

--
-- Data for Name: parameter; Type: TABLE DATA; Schema: tank_data_schema; Owner: postgres
--

COPY tank_data_schema.parameter (id, name, apex_name) FROM stdin;
1	temperature	temp
2	ph	ph
3	alkalinity	alk
4	calcium	calc
5	magnesium	mag
6	nitrate	\N
7	phosphate	\N
8	alkalinity-dosing	\N
9	calcium-dosing	\N
10	magnesium-dosing	\N
\.


--
-- Data for Name: tank; Type: TABLE DATA; Schema: tank_data_schema; Owner: postgres
--

COPY tank_data_schema.tank (id, name, apex_host) FROM stdin;
1	WB 90.3	192.168.51.10
2	Test Tank	\N
\.


--
-- Data for Name: alarm; Type: TABLE DATA; Schema: tank_data_schema; Owner: postgres
--

COPY tank_data_schema.alarm (id, name, parameter_id, tank_id, high_limit, low_limit, severity) FROM stdin;
\.


--
-- Data for Name: device_type; Type: TABLE DATA; Schema: tank_data_schema; Owner: postgres
--

COPY tank_data_schema.device_type (id, name) FROM stdin;
1	HS300
\.


--
-- Data for Name: device; Type: TABLE DATA; Schema: tank_data_schema; Owner: postgres
--

COPY tank_data_schema.device (id, name, host, child_name, device_type_id) FROM stdin;
1	10G Light	192.168.52.10	10G Light	1
2	10G Filter	192.168.52.10	10G Filter	1
3	10G Circulator	192.168.52.10	10G Circulator	1
4	10G Heater	192.168.52.10	10G Heater	1
5	10G Air	192.168.52.10	10G Air	1
6	10G Plug 6	192.168.52.10	10G Plug 6	1
\.


--
-- Data for Name: device_power_target; Type: TABLE DATA; Schema: tank_data_schema; Owner: postgres
--

COPY tank_data_schema.device_power_target (id, device_id, start_time, end_time, desired_power_state, enforce_on_discrepancy, notify_on_discrepancy, min_acceptable_draw, max_acceptable_draw) FROM stdin;
1	1	\N	\N	t	t	f	17000	17500
2	2	\N	\N	t	t	t	6000	6200
3	3	19:45:00	20:00:00	t	t	t	0	0
4	3	20:00:00	19:45:00	f	t	t	0	0
5	4	\N	\N	t	t	t	0	55000
6	5	\N	\N	t	t	t	1400	1600
7	6	\N	\N	f	t	t	0	0
\.


--
-- Data for Name: parameter_reading; Type: TABLE DATA; Schema: tank_data_schema; Owner: postgres
--

COPY tank_data_schema.parameter_reading (id, tank_id, parameter_id, value, "time", show_in_dashboard) FROM stdin;
1	1	1	79.2	2025-03-21 04:00:00+00	t
2	1	2	8.12	2025-03-21 04:00:00+00	t
3	1	1	79.2	2025-03-21 04:10:00+00	t
4	1	2	8.12	2025-03-21 04:10:00+00	t
5	1	1	79.2	2025-03-21 04:20:00+00	t
6	1	2	8.11	2025-03-21 04:20:00+00	t
7	1	1	79.3	2025-03-21 04:30:00+00	t
8	1	2	8.11	2025-03-21 04:30:00+00	t
9	1	1	79.3	2025-03-21 04:40:00+00	t
10	1	2	8.11	2025-03-21 04:40:00+00	t
11	1	1	79.3	2025-03-21 04:50:00+00	t
12	1	2	8.1	2025-03-21 04:50:00+00	t
13	1	1	79.4	2025-03-21 05:00:00+00	t
14	1	2	8.1	2025-03-21 05:00:00+00	t
15	1	1	79.5	2025-03-21 05:10:00+00	t
16	1	2	8.1	2025-03-21 05:10:00+00	t
17	1	1	79.5	2025-03-21 05:20:00+00	t
18	1	2	8.09	2025-03-21 05:20:00+00	t
19	1	1	79.7	2025-03-21 05:30:00+00	t
20	1	2	8.09	2025-03-21 05:30:00+00	t
21	1	1	79.7	2025-03-21 05:40:00+00	t
22	1	2	8.09	2025-03-21 05:40:00+00	t
23	1	1	79.7	2025-03-21 05:50:00+00	t
24	1	2	8.08	2025-03-21 05:50:00+00	t
25	1	1	79.7	2025-03-21 06:00:00+00	t
26	1	2	8.08	2025-03-21 06:00:00+00	t
27	1	1	79.7	2025-03-21 06:10:00+00	t
28	1	2	8.08	2025-03-21 06:10:00+00	t
29	1	1	79.1	2025-03-21 06:20:00+00	t
30	1	2	8.08	2025-03-21 06:20:00+00	t
31	1	1	78.9	2025-03-21 06:30:00+00	t
32	1	2	8.08	2025-03-21 06:30:00+00	t
33	1	1	78.6	2025-03-21 06:40:00+00	t
34	1	2	8.07	2025-03-21 06:40:00+00	t
35	1	1	78.8	2025-03-21 06:50:00+00	t
36	1	2	8.07	2025-03-21 06:50:00+00	t
37	1	1	78.8	2025-03-21 07:00:00+00	t
38	1	2	8.07	2025-03-21 07:00:00+00	t
39	1	1	78.9	2025-03-21 07:10:00+00	t
40	1	2	8.06	2025-03-21 07:10:00+00	t
41	1	1	79	2025-03-21 07:20:00+00	t
42	1	2	8.06	2025-03-21 07:20:00+00	t
43	1	1	79.1	2025-03-21 07:30:00+00	t
44	1	2	8.06	2025-03-21 07:30:00+00	t
45	1	1	79.2	2025-03-21 07:40:00+00	t
46	1	2	8.06	2025-03-21 07:40:00+00	t
47	1	1	79.2	2025-03-21 07:50:00+00	t
48	1	2	8.06	2025-03-21 07:50:00+00	t
49	1	1	79.3	2025-03-21 08:00:00+00	t
50	1	2	8.05	2025-03-21 08:00:00+00	t
51	1	1	79.3	2025-03-21 08:10:00+00	t
52	1	2	8.05	2025-03-21 08:10:00+00	t
53	1	1	79.4	2025-03-21 08:20:00+00	t
54	1	2	8.05	2025-03-21 08:20:00+00	t
55	1	1	79.4	2025-03-21 08:30:00+00	t
56	1	2	8.05	2025-03-21 08:30:00+00	t
57	1	1	79.4	2025-03-21 08:40:00+00	t
58	1	2	8.04	2025-03-21 08:40:00+00	t
59	1	1	79.5	2025-03-21 08:50:00+00	t
60	1	2	8.04	2025-03-21 08:50:00+00	t
61	1	1	79.5	2025-03-21 09:00:00+00	t
62	1	2	8.04	2025-03-21 09:00:00+00	t
63	1	1	79.5	2025-03-21 09:10:00+00	t
64	1	2	8.04	2025-03-21 09:10:00+00	t
65	1	1	79.7	2025-03-21 09:20:00+00	t
66	1	2	8.04	2025-03-21 09:20:00+00	t
67	1	1	79.7	2025-03-21 09:30:00+00	t
68	1	2	8.04	2025-03-21 09:30:00+00	t
69	1	1	79.8	2025-03-21 09:40:00+00	t
70	1	2	8.03	2025-03-21 09:40:00+00	t
71	1	1	79.5	2025-03-21 09:50:00+00	t
72	1	2	8.03	2025-03-21 09:50:00+00	t
73	1	1	79.1	2025-03-21 10:00:00+00	t
74	1	2	8.03	2025-03-21 10:00:00+00	t
75	1	1	78.9	2025-03-21 10:10:00+00	t
76	1	2	8.06	2025-03-21 10:10:00+00	t
77	1	1	78.7	2025-03-21 10:20:00+00	t
78	1	2	8.06	2025-03-21 10:20:00+00	t
79	1	1	78.8	2025-03-21 10:30:00+00	t
80	1	2	8.08	2025-03-21 10:30:00+00	t
81	1	1	78.9	2025-03-21 10:40:00+00	t
82	1	2	8.08	2025-03-21 10:40:00+00	t
83	1	1	79	2025-03-21 10:50:00+00	t
84	1	2	8.08	2025-03-21 10:50:00+00	t
85	1	1	79	2025-03-21 11:00:00+00	t
86	1	2	8.1	2025-03-21 11:00:00+00	t
87	1	1	79.1	2025-03-21 11:10:00+00	t
88	1	2	8.1	2025-03-21 11:10:00+00	t
89	1	1	79.2	2025-03-21 11:20:00+00	t
90	1	2	8.12	2025-03-21 11:20:00+00	t
91	1	1	79.2	2025-03-21 11:30:00+00	t
92	1	2	8.12	2025-03-21 11:30:00+00	t
93	1	1	79.3	2025-03-21 11:40:00+00	t
94	1	2	8.12	2025-03-21 11:40:00+00	t
95	1	1	79.4	2025-03-21 11:50:00+00	t
96	1	2	8.13	2025-03-21 11:50:00+00	t
97	1	1	79.4	2025-03-21 12:00:00+00	t
98	1	2	8.13	2025-03-21 12:00:00+00	t
99	1	1	79.5	2025-03-21 12:10:00+00	t
100	1	2	8.15	2025-03-21 12:10:00+00	t
101	1	1	79.7	2025-03-21 12:20:00+00	t
102	1	2	8.15	2025-03-21 12:20:00+00	t
103	1	1	79.8	2025-03-21 12:30:00+00	t
104	1	2	8.17	2025-03-21 12:30:00+00	t
105	1	1	80	2025-03-21 12:40:00+00	t
106	1	2	8.17	2025-03-21 12:40:00+00	t
107	1	1	79.4	2025-03-21 12:50:00+00	t
108	1	2	8.18	2025-03-21 12:50:00+00	t
109	1	1	79.2	2025-03-21 13:00:00+00	t
110	1	2	8.2	2025-03-21 13:00:00+00	t
111	1	1	79.2	2025-03-21 13:10:00+00	t
112	1	2	8.2	2025-03-21 13:10:00+00	t
113	1	1	79	2025-03-21 13:20:00+00	t
114	1	2	8.2	2025-03-21 13:20:00+00	t
115	1	1	78.8	2025-03-21 13:30:00+00	t
116	1	2	8.2	2025-03-21 13:30:00+00	t
117	1	1	78.9	2025-03-21 13:40:00+00	t
118	1	2	8.2	2025-03-21 13:40:00+00	t
119	1	1	79.2	2025-03-21 13:50:00+00	t
120	1	2	8.21	2025-03-21 13:50:00+00	t
121	1	1	79.3	2025-03-21 14:00:00+00	t
122	1	2	8.21	2025-03-21 14:00:00+00	t
123	1	1	79.4	2025-03-21 14:10:00+00	t
124	1	2	8.21	2025-03-21 14:10:00+00	t
125	1	1	79.7	2025-03-21 14:20:00+00	t
126	1	2	8.19	2025-03-21 14:20:00+00	t
127	1	1	79.8	2025-03-21 14:30:00+00	t
128	1	2	8.19	2025-03-21 14:30:00+00	t
129	1	1	79.9	2025-03-21 14:40:00+00	t
130	1	2	8.19	2025-03-21 14:40:00+00	t
131	1	1	79.5	2025-03-21 14:50:00+00	t
132	1	2	8.19	2025-03-21 14:50:00+00	t
133	1	1	79.3	2025-03-21 15:00:00+00	t
134	1	2	8.19	2025-03-21 15:00:00+00	t
135	1	1	79.2	2025-03-21 15:10:00+00	t
136	1	2	8.19	2025-03-21 15:10:00+00	t
137	1	1	79.1	2025-03-21 15:20:00+00	t
138	1	2	8.19	2025-03-21 15:20:00+00	t
139	1	1	78.9	2025-03-21 15:30:00+00	t
140	1	2	8.19	2025-03-21 15:30:00+00	t
141	1	1	78.8	2025-03-21 15:40:00+00	t
142	1	2	8.19	2025-03-21 15:40:00+00	t
143	1	1	78.7	2025-03-21 15:50:00+00	t
144	1	2	8.19	2025-03-21 15:50:00+00	t
145	1	1	79.1	2025-03-21 16:00:00+00	t
146	1	2	8.21	2025-03-21 16:00:00+00	t
147	1	1	79.3	2025-03-21 16:10:00+00	t
148	1	2	8.21	2025-03-21 16:10:00+00	t
149	1	1	79.5	2025-03-21 16:20:00+00	t
150	1	2	8.21	2025-03-21 16:20:00+00	t
151	1	1	79.8	2025-03-21 16:30:00+00	t
152	1	2	8.21	2025-03-21 16:30:00+00	t
153	1	1	79.9	2025-03-21 16:40:00+00	t
154	1	2	8.21	2025-03-21 16:40:00+00	t
155	1	1	79.7	2025-03-21 16:50:00+00	t
156	1	2	8.21	2025-03-21 16:50:00+00	t
157	1	1	79.4	2025-03-21 17:00:00+00	t
158	1	2	8.22	2025-03-21 17:00:00+00	t
159	1	1	79.3	2025-03-21 17:10:00+00	t
160	1	2	8.22	2025-03-21 17:10:00+00	t
161	1	1	79.2	2025-03-21 17:20:00+00	t
162	1	2	8.22	2025-03-21 17:20:00+00	t
163	1	1	79.1	2025-03-21 17:30:00+00	t
164	1	2	8.22	2025-03-21 17:30:00+00	t
165	1	1	79	2025-03-21 17:40:00+00	t
166	1	2	8.24	2025-03-21 17:40:00+00	t
167	1	1	78.9	2025-03-21 17:50:00+00	t
168	1	2	8.24	2025-03-21 17:50:00+00	t
169	1	1	78.8	2025-03-21 18:00:00+00	t
170	1	2	8.24	2025-03-21 18:00:00+00	t
171	1	1	79.1	2025-03-21 18:10:00+00	t
172	1	2	8.24	2025-03-21 18:10:00+00	t
173	1	1	79.4	2025-03-21 18:20:00+00	t
174	1	2	8.24	2025-03-21 18:20:00+00	t
175	1	1	79.7	2025-03-21 18:30:00+00	t
176	1	2	8.24	2025-03-21 18:30:00+00	t
177	1	1	79.9	2025-03-21 18:40:00+00	t
178	1	2	8.24	2025-03-21 18:40:00+00	t
179	1	1	80	2025-03-21 18:50:00+00	t
180	1	2	8.25	2025-03-21 18:50:00+00	t
181	1	1	79.5	2025-03-21 19:00:00+00	t
182	1	2	8.25	2025-03-21 19:00:00+00	t
183	1	1	79.4	2025-03-21 19:10:00+00	t
184	1	2	8.26	2025-03-21 19:10:00+00	t
185	1	1	79.4	2025-03-21 19:20:00+00	t
186	1	2	8.26	2025-03-21 19:20:00+00	t
187	1	1	79.3	2025-03-21 19:30:00+00	t
188	1	2	8.26	2025-03-21 19:30:00+00	t
189	1	1	79.3	2025-03-21 19:40:00+00	t
190	1	2	8.26	2025-03-21 19:40:00+00	t
191	1	1	79.2	2025-03-21 19:50:00+00	t
192	1	2	8.26	2025-03-21 19:50:00+00	t
193	1	1	79.1	2025-03-21 20:00:00+00	t
194	1	2	8.26	2025-03-21 20:00:00+00	t
195	1	1	79	2025-03-21 20:10:00+00	t
196	1	2	8.27	2025-03-21 20:10:00+00	t
197	1	1	78.9	2025-03-21 20:20:00+00	t
198	1	2	8.27	2025-03-21 20:20:00+00	t
199	1	1	78.9	2025-03-21 20:30:00+00	t
200	1	2	8.27	2025-03-21 20:30:00+00	t
201	1	1	79.4	2025-03-21 20:40:00+00	t
202	1	2	8.27	2025-03-21 20:40:00+00	t
203	1	1	79.7	2025-03-21 20:50:00+00	t
204	1	2	8.27	2025-03-21 20:50:00+00	t
205	1	1	79.9	2025-03-21 21:00:00+00	t
206	1	2	8.27	2025-03-21 21:00:00+00	t
207	1	1	80.1	2025-03-21 21:10:00+00	t
208	1	2	8.27	2025-03-21 21:10:00+00	t
209	1	1	79.7	2025-03-21 21:20:00+00	t
210	1	2	8.27	2025-03-21 21:20:00+00	t
211	1	1	79.5	2025-03-21 21:30:00+00	t
212	1	2	8.27	2025-03-21 21:30:00+00	t
213	1	1	79.4	2025-03-21 21:40:00+00	t
214	1	2	8.27	2025-03-21 21:40:00+00	t
215	1	1	79.3	2025-03-21 21:50:00+00	t
216	1	2	8.28	2025-03-21 21:50:00+00	t
217	1	1	79.3	2025-03-21 22:00:00+00	t
218	1	2	8.28	2025-03-21 22:00:00+00	t
219	1	1	79.2	2025-03-21 22:10:00+00	t
220	1	2	8.28	2025-03-21 22:10:00+00	t
221	1	1	79.1	2025-03-21 22:20:00+00	t
222	1	2	8.28	2025-03-21 22:20:00+00	t
223	1	1	79	2025-03-21 22:30:00+00	t
224	1	2	8.28	2025-03-21 22:30:00+00	t
225	1	1	78.9	2025-03-21 22:40:00+00	t
226	1	2	8.27	2025-03-21 22:40:00+00	t
227	1	1	78.8	2025-03-21 22:50:00+00	t
228	1	2	8.27	2025-03-21 22:50:00+00	t
229	1	1	78.8	2025-03-21 23:00:00+00	t
230	1	2	8.27	2025-03-21 23:00:00+00	t
231	1	1	79.3	2025-03-21 23:10:00+00	t
232	1	2	8.27	2025-03-21 23:10:00+00	t
233	1	1	79.7	2025-03-21 23:20:00+00	t
234	1	2	8.26	2025-03-21 23:20:00+00	t
235	1	1	79.8	2025-03-21 23:30:00+00	t
236	1	2	8.26	2025-03-21 23:30:00+00	t
237	1	1	80	2025-03-21 23:40:00+00	t
238	1	2	8.26	2025-03-21 23:40:00+00	t
239	1	1	80	2025-03-21 23:50:00+00	t
240	1	2	8.25	2025-03-21 23:50:00+00	t
241	1	1	79.8	2025-03-22 00:00:00+00	t
242	1	2	8.25	2025-03-22 00:00:00+00	t
243	1	1	79.5	2025-03-22 00:10:00+00	t
244	1	2	8.25	2025-03-22 00:10:00+00	t
245	1	1	79.3	2025-03-22 00:20:00+00	t
246	1	2	8.25	2025-03-22 00:20:00+00	t
247	1	1	79.1	2025-03-22 00:30:00+00	t
248	1	2	8.25	2025-03-22 00:30:00+00	t
249	1	1	79	2025-03-22 00:40:00+00	t
250	1	2	8.25	2025-03-22 00:40:00+00	t
251	1	1	78.8	2025-03-22 00:50:00+00	t
252	1	2	8.25	2025-03-22 00:50:00+00	t
253	1	1	79	2025-03-22 01:00:00+00	t
254	1	2	8.24	2025-03-22 01:00:00+00	t
255	1	1	79.1	2025-03-22 01:10:00+00	t
256	1	2	8.24	2025-03-22 01:10:00+00	t
257	1	1	79.2	2025-03-22 01:20:00+00	t
258	1	2	8.24	2025-03-22 01:20:00+00	t
259	1	1	79.3	2025-03-22 01:30:00+00	t
260	1	2	8.24	2025-03-22 01:30:00+00	t
261	1	1	79.4	2025-03-22 01:40:00+00	t
262	1	2	8.22	2025-03-22 01:40:00+00	t
263	1	1	79.4	2025-03-22 01:50:00+00	t
264	1	2	8.22	2025-03-22 01:50:00+00	t
265	1	1	79.5	2025-03-22 02:00:00+00	t
266	1	2	8.22	2025-03-22 02:00:00+00	t
267	1	1	79.5	2025-03-22 02:10:00+00	t
268	1	2	8.21	2025-03-22 02:10:00+00	t
269	1	1	79.6	2025-03-22 02:20:00+00	t
270	1	2	8.21	2025-03-22 02:20:00+00	t
271	1	1	79.6	2025-03-22 02:30:00+00	t
272	1	2	8.21	2025-03-22 02:30:00+00	t
273	1	1	79.6	2025-03-22 02:40:00+00	t
274	1	2	8.2	2025-03-22 02:40:00+00	t
275	1	1	79.5	2025-03-22 02:50:00+00	t
276	1	2	8.2	2025-03-22 02:50:00+00	t
277	1	1	79	2025-03-22 03:00:00+00	t
278	1	2	8.2	2025-03-22 03:00:00+00	t
279	1	1	78.7	2025-03-22 03:10:00+00	t
280	1	2	8.19	2025-03-22 03:10:00+00	t
281	1	1	78.6	2025-03-22 03:20:00+00	t
282	1	2	8.19	2025-03-22 03:20:00+00	t
283	1	1	78.9	2025-03-22 03:30:00+00	t
284	1	2	8.19	2025-03-22 03:30:00+00	t
285	1	1	78.9	2025-03-22 03:40:00+00	t
286	1	2	8.18	2025-03-22 03:40:00+00	t
287	1	1	78.9	2025-03-22 03:50:00+00	t
288	1	2	8.18	2025-03-22 03:50:00+00	t
289	1	1	79	2025-03-22 04:00:00+00	t
290	1	2	8.17	2025-03-22 04:00:00+00	t
291	1	1	79.1	2025-03-22 04:10:00+00	t
292	1	2	8.17	2025-03-22 04:10:00+00	t
293	1	1	79.1	2025-03-22 04:20:00+00	t
294	1	2	8.17	2025-03-22 04:20:00+00	t
295	1	1	79.2	2025-03-22 04:30:00+00	t
296	1	2	8.16	2025-03-22 04:30:00+00	t
297	1	1	79.2	2025-03-22 04:40:00+00	t
298	1	2	8.16	2025-03-22 04:40:00+00	t
299	1	1	79.2	2025-03-22 04:50:00+00	t
300	1	2	8.14	2025-03-22 04:50:00+00	t
301	1	1	79.2	2025-03-22 05:00:00+00	t
302	1	2	8.14	2025-03-22 05:00:00+00	t
303	1	1	79.3	2025-03-22 05:10:00+00	t
304	1	2	8.14	2025-03-22 05:10:00+00	t
305	1	1	79.1	2025-03-22 05:20:00+00	t
306	1	2	8.13	2025-03-22 05:20:00+00	t
307	1	1	79.1	2025-03-22 05:30:00+00	t
308	1	2	8.13	2025-03-22 05:30:00+00	t
309	1	1	79.3	2025-03-22 05:40:00+00	t
310	1	2	8.12	2025-03-22 05:40:00+00	t
311	1	1	79.3	2025-03-22 05:50:00+00	t
312	1	2	8.12	2025-03-22 05:50:00+00	t
313	1	1	79.4	2025-03-22 06:00:00+00	t
314	1	2	8.12	2025-03-22 06:00:00+00	t
315	1	1	79.5	2025-03-22 06:10:00+00	t
316	1	2	8.12	2025-03-22 06:10:00+00	t
317	1	1	79.7	2025-03-22 06:20:00+00	t
318	1	2	8.11	2025-03-22 06:20:00+00	t
319	1	1	79.5	2025-03-22 06:30:00+00	t
320	1	2	8.11	2025-03-22 06:30:00+00	t
321	1	1	79.7	2025-03-22 06:40:00+00	t
322	1	2	8.1	2025-03-22 06:40:00+00	t
323	1	1	79.6	2025-03-22 06:50:00+00	t
324	1	2	8.1	2025-03-22 06:50:00+00	t
325	1	1	79.4	2025-03-22 07:00:00+00	t
326	1	2	8.1	2025-03-22 07:00:00+00	t
327	1	1	79.8	2025-03-22 07:10:00+00	t
328	1	2	8.1	2025-03-22 07:10:00+00	t
329	1	1	79.1	2025-03-22 07:20:00+00	t
330	1	2	8.11	2025-03-22 07:20:00+00	t
331	1	1	78.9	2025-03-22 07:30:00+00	t
332	1	2	8.1	2025-03-22 07:30:00+00	t
333	1	1	78.6	2025-03-22 07:40:00+00	t
334	1	2	8.1	2025-03-22 07:40:00+00	t
335	1	1	78.9	2025-03-22 07:50:00+00	t
336	1	2	8.1	2025-03-22 07:50:00+00	t
337	1	1	79	2025-03-22 08:00:00+00	t
338	1	2	8.1	2025-03-22 08:00:00+00	t
339	1	1	79.1	2025-03-22 08:10:00+00	t
340	1	2	8.09	2025-03-22 08:10:00+00	t
341	1	1	79.1	2025-03-22 08:20:00+00	t
342	1	2	8.09	2025-03-22 08:20:00+00	t
343	1	1	79.1	2025-03-22 08:30:00+00	t
344	1	2	8.09	2025-03-22 08:30:00+00	t
345	1	1	79.2	2025-03-22 08:40:00+00	t
346	1	2	8.07	2025-03-22 08:40:00+00	t
347	1	1	79.3	2025-03-22 08:50:00+00	t
348	1	2	8.07	2025-03-22 08:50:00+00	t
349	1	1	79.3	2025-03-22 09:00:00+00	t
350	1	2	8.07	2025-03-22 09:00:00+00	t
351	1	1	79.4	2025-03-22 09:10:00+00	t
352	1	2	8.07	2025-03-22 09:10:00+00	t
353	1	1	79.4	2025-03-22 09:20:00+00	t
354	1	2	8.06	2025-03-22 09:20:00+00	t
355	1	1	79.4	2025-03-22 09:30:00+00	t
356	1	2	8.06	2025-03-22 09:30:00+00	t
357	1	1	79.4	2025-03-22 09:40:00+00	t
358	1	2	8.06	2025-03-22 09:40:00+00	t
359	1	1	79.5	2025-03-22 09:50:00+00	t
360	1	2	8.06	2025-03-22 09:50:00+00	t
361	1	1	79.5	2025-03-22 10:00:00+00	t
362	1	2	8.05	2025-03-22 10:00:00+00	t
363	1	1	79.5	2025-03-22 10:10:00+00	t
364	1	2	8.08	2025-03-22 10:10:00+00	t
365	1	1	79.4	2025-03-22 10:20:00+00	t
366	1	2	8.08	2025-03-22 10:20:00+00	t
367	1	1	79.7	2025-03-22 10:30:00+00	t
368	1	2	8.1	2025-03-22 10:30:00+00	t
369	1	1	79.8	2025-03-22 10:40:00+00	t
370	1	2	8.1	2025-03-22 10:40:00+00	t
371	1	1	79.8	2025-03-22 10:50:00+00	t
372	1	2	8.1	2025-03-22 10:50:00+00	t
373	1	1	79.1	2025-03-22 11:00:00+00	t
374	1	2	8.12	2025-03-22 11:00:00+00	t
375	1	1	78.9	2025-03-22 11:10:00+00	t
376	1	2	8.12	2025-03-22 11:10:00+00	t
377	1	1	78.6	2025-03-22 11:20:00+00	t
378	1	2	8.13	2025-03-22 11:20:00+00	t
379	1	1	79	2025-03-22 11:30:00+00	t
380	1	2	8.13	2025-03-22 11:30:00+00	t
381	1	1	79.1	2025-03-22 11:40:00+00	t
382	1	2	8.14	2025-03-22 11:40:00+00	t
383	1	1	79.1	2025-03-22 11:50:00+00	t
384	1	2	8.15	2025-03-22 11:50:00+00	t
385	1	1	79.2	2025-03-22 12:00:00+00	t
386	1	2	8.14	2025-03-22 12:00:00+00	t
387	1	1	79.3	2025-03-22 12:10:00+00	t
388	1	2	8.16	2025-03-22 12:10:00+00	t
389	1	1	79.5	2025-03-22 12:20:00+00	t
390	1	2	8.16	2025-03-22 12:20:00+00	t
391	1	1	79.5	2025-03-22 12:30:00+00	t
392	1	2	8.17	2025-03-22 12:30:00+00	t
393	1	1	79.7	2025-03-22 12:40:00+00	t
394	1	2	8.17	2025-03-22 12:40:00+00	t
395	1	1	79.7	2025-03-22 12:50:00+00	t
396	1	2	8.17	2025-03-22 12:50:00+00	t
397	1	1	79.8	2025-03-22 13:00:00+00	t
398	1	2	8.18	2025-03-22 13:00:00+00	t
399	1	1	79.9	2025-03-22 13:10:00+00	t
400	1	2	8.18	2025-03-22 13:10:00+00	t
401	1	1	80	2025-03-22 13:20:00+00	t
402	1	2	8.18	2025-03-22 13:20:00+00	t
403	1	1	79.4	2025-03-22 13:30:00+00	t
404	1	2	8.18	2025-03-22 13:30:00+00	t
405	1	1	79.2	2025-03-22 13:40:00+00	t
406	1	2	8.18	2025-03-22 13:40:00+00	t
407	1	1	79	2025-03-22 13:50:00+00	t
408	1	2	8.19	2025-03-22 13:50:00+00	t
409	1	1	78.8	2025-03-22 14:00:00+00	t
410	1	2	8.19	2025-03-22 14:00:00+00	t
411	1	1	78.7	2025-03-22 14:10:00+00	t
412	1	2	8.19	2025-03-22 14:10:00+00	t
413	1	1	79	2025-03-22 14:20:00+00	t
414	1	2	8.17	2025-03-22 14:20:00+00	t
415	1	1	79.2	2025-03-22 14:30:00+00	t
416	1	2	8.17	2025-03-22 14:30:00+00	t
417	1	1	79.3	2025-03-22 14:40:00+00	t
418	1	2	8.17	2025-03-22 14:40:00+00	t
419	1	1	79.5	2025-03-22 14:50:00+00	t
420	1	2	8.17	2025-03-22 14:50:00+00	t
421	1	1	79.7	2025-03-22 15:00:00+00	t
422	1	2	8.17	2025-03-22 15:00:00+00	t
423	1	1	79.9	2025-03-22 15:10:00+00	t
424	1	2	8.17	2025-03-22 15:10:00+00	t
425	1	1	80	2025-03-22 15:20:00+00	t
426	1	2	8.17	2025-03-22 15:20:00+00	t
427	1	1	79.4	2025-03-22 15:30:00+00	t
428	1	2	8.17	2025-03-22 15:30:00+00	t
429	1	1	79.3	2025-03-22 15:40:00+00	t
430	1	2	8.17	2025-03-22 15:40:00+00	t
431	1	1	79.1	2025-03-22 15:50:00+00	t
432	1	2	8.17	2025-03-22 15:50:00+00	t
433	1	1	79	2025-03-22 16:00:00+00	t
434	1	2	8.17	2025-03-22 16:00:00+00	t
435	1	1	78.8	2025-03-22 16:10:00+00	t
436	1	2	8.19	2025-03-22 16:10:00+00	t
437	1	1	78.7	2025-03-22 16:20:00+00	t
438	1	2	8.19	2025-03-22 16:20:00+00	t
439	1	1	79.1	2025-03-22 16:30:00+00	t
440	1	2	8.19	2025-03-22 16:30:00+00	t
441	1	1	79.3	2025-03-22 16:40:00+00	t
442	1	2	8.19	2025-03-22 16:40:00+00	t
443	1	1	79.4	2025-03-22 16:50:00+00	t
444	1	2	8.19	2025-03-22 16:50:00+00	t
445	1	1	79.7	2025-03-22 17:00:00+00	t
446	1	2	8.19	2025-03-22 17:00:00+00	t
447	1	1	79.8	2025-03-22 17:10:00+00	t
448	1	2	8.19	2025-03-22 17:10:00+00	t
449	1	1	80	2025-03-22 17:20:00+00	t
450	1	2	8.2	2025-03-22 17:20:00+00	t
451	1	1	79.6	2025-03-22 17:30:00+00	t
452	1	2	8.2	2025-03-22 17:30:00+00	t
453	1	1	79.4	2025-03-22 17:40:00+00	t
454	1	2	8.21	2025-03-22 17:40:00+00	t
455	1	1	79.3	2025-03-22 17:50:00+00	t
456	1	2	8.21	2025-03-22 17:50:00+00	t
457	1	1	79.2	2025-03-22 18:00:00+00	t
458	1	2	8.21	2025-03-22 18:00:00+00	t
459	1	1	79.1	2025-03-22 18:10:00+00	t
460	1	2	8.21	2025-03-22 18:10:00+00	t
461	1	1	79	2025-03-22 18:20:00+00	t
462	1	2	8.22	2025-03-22 18:20:00+00	t
463	1	1	78.9	2025-03-22 18:30:00+00	t
464	1	2	8.22	2025-03-22 18:30:00+00	t
465	1	1	78.8	2025-03-22 18:40:00+00	t
466	1	2	8.22	2025-03-22 18:40:00+00	t
467	1	1	79.2	2025-03-22 18:50:00+00	t
468	1	2	8.22	2025-03-22 18:50:00+00	t
469	1	1	79.4	2025-03-22 19:00:00+00	t
470	1	2	8.22	2025-03-22 19:00:00+00	t
471	1	1	79.5	2025-03-22 19:10:00+00	t
472	1	2	8.22	2025-03-22 19:10:00+00	t
473	1	1	79.9	2025-03-22 19:20:00+00	t
474	1	2	8.24	2025-03-22 19:20:00+00	t
475	1	1	80	2025-03-22 19:30:00+00	t
476	1	2	8.24	2025-03-22 19:30:00+00	t
477	1	1	79.9	2025-03-22 19:40:00+00	t
478	1	2	8.24	2025-03-22 19:40:00+00	t
479	1	1	79.6	2025-03-22 19:50:00+00	t
480	1	2	8.24	2025-03-22 19:50:00+00	t
481	1	1	79.5	2025-03-22 20:00:00+00	t
482	1	2	8.24	2025-03-22 20:00:00+00	t
483	1	1	79.3	2025-03-22 20:10:00+00	t
484	1	2	8.25	2025-03-22 20:10:00+00	t
485	1	1	79.3	2025-03-22 20:20:00+00	t
486	1	2	8.25	2025-03-22 20:20:00+00	t
487	1	1	79.2	2025-03-22 20:30:00+00	t
488	1	2	8.25	2025-03-22 20:30:00+00	t
489	1	1	79.1	2025-03-22 20:40:00+00	t
490	1	2	8.25	2025-03-22 20:40:00+00	t
491	1	1	79	2025-03-22 20:50:00+00	t
492	1	2	8.26	2025-03-22 20:50:00+00	t
493	1	1	79	2025-03-22 21:00:00+00	t
494	1	2	8.26	2025-03-22 21:00:00+00	t
495	1	1	78.9	2025-03-22 21:10:00+00	t
496	1	2	8.26	2025-03-22 21:10:00+00	t
497	1	1	78.8	2025-03-22 21:20:00+00	t
498	1	2	8.26	2025-03-22 21:20:00+00	t
499	1	1	79.1	2025-03-22 21:30:00+00	t
500	1	2	8.26	2025-03-22 21:30:00+00	t
501	1	1	79.4	2025-03-22 21:40:00+00	t
502	1	2	8.26	2025-03-22 21:40:00+00	t
503	1	1	79.7	2025-03-22 21:50:00+00	t
504	1	2	8.26	2025-03-22 21:50:00+00	t
505	1	1	79.9	2025-03-22 22:00:00+00	t
506	1	2	8.26	2025-03-22 22:00:00+00	t
507	1	1	80.1	2025-03-22 22:10:00+00	t
508	1	2	8.26	2025-03-22 22:10:00+00	t
509	1	1	80.3	2025-03-22 22:20:00+00	t
510	1	2	8.26	2025-03-22 22:20:00+00	t
511	1	1	80	2025-03-22 22:30:00+00	t
512	1	2	8.26	2025-03-22 22:30:00+00	t
513	1	1	79.9	2025-03-22 22:40:00+00	t
514	1	2	8.26	2025-03-22 22:40:00+00	t
515	1	1	79.8	2025-03-22 22:50:00+00	t
516	1	2	8.26	2025-03-22 22:50:00+00	t
517	1	1	79.5	2025-03-22 23:00:00+00	t
518	1	2	8.25	2025-03-22 23:00:00+00	t
519	1	1	79.5	2025-03-22 23:10:00+00	t
520	1	2	8.25	2025-03-22 23:10:00+00	t
521	1	1	79.4	2025-03-22 23:20:00+00	t
522	1	2	8.25	2025-03-22 23:20:00+00	t
523	1	1	79.3	2025-03-22 23:30:00+00	t
524	1	2	8.25	2025-03-22 23:30:00+00	t
525	1	1	79.2	2025-03-22 23:40:00+00	t
526	1	2	8.25	2025-03-22 23:40:00+00	t
527	1	1	79.2	2025-03-22 23:50:00+00	t
528	1	2	8.25	2025-03-22 23:50:00+00	t
529	1	1	79.1	2025-03-23 00:00:00+00	t
530	1	2	8.24	2025-03-23 00:00:00+00	t
531	1	1	79	2025-03-23 00:10:00+00	t
532	1	2	8.24	2025-03-23 00:10:00+00	t
533	1	1	79.2	2025-03-23 00:20:00+00	t
534	1	2	8.24	2025-03-23 00:20:00+00	t
535	1	1	79.3	2025-03-23 00:30:00+00	t
536	1	2	8.24	2025-03-23 00:30:00+00	t
537	1	1	79.4	2025-03-23 00:40:00+00	t
538	1	2	8.24	2025-03-23 00:40:00+00	t
539	1	1	79.5	2025-03-23 00:50:00+00	t
540	1	2	8.24	2025-03-23 00:50:00+00	t
541	1	1	79.7	2025-03-23 01:00:00+00	t
542	1	2	8.24	2025-03-23 01:00:00+00	t
543	1	1	79.9	2025-03-23 01:10:00+00	t
544	1	2	8.24	2025-03-23 01:10:00+00	t
545	1	1	79.9	2025-03-23 01:20:00+00	t
546	1	2	8.22	2025-03-23 01:20:00+00	t
547	1	1	80	2025-03-23 01:30:00+00	t
548	1	2	8.22	2025-03-23 01:30:00+00	t
549	1	1	79.6	2025-03-23 01:40:00+00	t
550	1	2	8.22	2025-03-23 01:40:00+00	t
551	1	1	79.2	2025-03-23 01:50:00+00	t
552	1	2	8.22	2025-03-23 01:50:00+00	t
553	1	1	79.1	2025-03-23 02:00:00+00	t
554	1	2	8.22	2025-03-23 02:00:00+00	t
555	1	1	78.9	2025-03-23 02:10:00+00	t
556	1	2	8.22	2025-03-23 02:10:00+00	t
557	1	1	78.6	2025-03-23 02:20:00+00	t
558	1	2	8.22	2025-03-23 02:20:00+00	t
559	1	1	79	2025-03-23 02:30:00+00	t
560	1	2	8.21	2025-03-23 02:30:00+00	t
561	1	1	79.2	2025-03-23 02:40:00+00	t
562	1	2	8.21	2025-03-23 02:40:00+00	t
563	1	1	79.2	2025-03-23 02:50:00+00	t
564	1	2	8.21	2025-03-23 02:50:00+00	t
565	1	1	79.3	2025-03-23 03:00:00+00	t
566	1	2	8.2	2025-03-23 03:00:00+00	t
567	1	1	79.3	2025-03-23 03:10:00+00	t
568	1	2	8.2	2025-03-23 03:10:00+00	t
569	1	1	79.3	2025-03-23 03:20:00+00	t
570	1	2	8.2	2025-03-23 03:20:00+00	t
571	1	1	79.4	2025-03-23 03:30:00+00	t
572	1	2	8.19	2025-03-23 03:30:00+00	t
573	1	1	79.4	2025-03-23 03:40:00+00	t
574	1	2	8.19	2025-03-23 03:40:00+00	t
575	1	1	79.4	2025-03-23 03:50:00+00	t
576	1	2	8.19	2025-03-23 03:50:00+00	t
577	1	1	79.4	2025-03-23 04:00:00+00	t
578	1	2	8.18	2025-03-23 04:00:00+00	t
579	1	1	79.5	2025-03-23 04:10:00+00	t
580	1	2	8.18	2025-03-23 04:10:00+00	t
581	1	1	79.5	2025-03-23 04:20:00+00	t
582	1	2	8.18	2025-03-23 04:20:00+00	t
583	1	1	79.5	2025-03-23 04:30:00+00	t
584	1	2	8.17	2025-03-23 04:30:00+00	t
585	1	1	79.7	2025-03-23 04:40:00+00	t
586	1	2	8.17	2025-03-23 04:40:00+00	t
587	1	1	79.7	2025-03-23 04:50:00+00	t
588	1	2	8.17	2025-03-23 04:50:00+00	t
589	1	1	79.8	2025-03-23 05:00:00+00	t
590	1	2	8.16	2025-03-23 05:00:00+00	t
591	1	1	79.8	2025-03-23 05:10:00+00	t
592	1	2	8.16	2025-03-23 05:10:00+00	t
593	1	1	79.8	2025-03-23 05:20:00+00	t
594	1	2	8.16	2025-03-23 05:20:00+00	t
595	1	1	79.9	2025-03-23 05:30:00+00	t
596	1	2	8.16	2025-03-23 05:30:00+00	t
597	1	1	79.9	2025-03-23 05:40:00+00	t
598	1	2	8.14	2025-03-23 05:40:00+00	t
599	1	1	79.9	2025-03-23 05:50:00+00	t
600	1	2	8.14	2025-03-23 05:50:00+00	t
601	1	1	80	2025-03-23 06:00:00+00	t
602	1	2	8.14	2025-03-23 06:00:00+00	t
603	1	1	80	2025-03-23 06:10:00+00	t
604	1	2	8.15	2025-03-23 06:10:00+00	t
605	1	1	80.2	2025-03-23 06:20:00+00	t
606	1	2	8.14	2025-03-23 06:20:00+00	t
607	1	1	79.5	2025-03-23 06:30:00+00	t
608	1	2	8.14	2025-03-23 06:30:00+00	t
609	1	1	79.3	2025-03-23 06:40:00+00	t
610	1	2	8.13	2025-03-23 06:40:00+00	t
611	1	1	79	2025-03-23 06:50:00+00	t
612	1	2	8.13	2025-03-23 06:50:00+00	t
613	1	1	78.8	2025-03-23 07:00:00+00	t
614	1	2	8.14	2025-03-23 07:00:00+00	t
615	1	1	78.8	2025-03-23 07:10:00+00	t
616	1	2	8.13	2025-03-23 07:10:00+00	t
617	1	1	79	2025-03-23 07:20:00+00	t
618	1	2	8.13	2025-03-23 07:20:00+00	t
619	1	1	79.1	2025-03-23 07:30:00+00	t
620	1	2	8.13	2025-03-23 07:30:00+00	t
621	1	1	79.1	2025-03-23 07:40:00+00	t
622	1	2	8.13	2025-03-23 07:40:00+00	t
623	1	1	79.1	2025-03-23 07:50:00+00	t
624	1	2	8.13	2025-03-23 07:50:00+00	t
625	1	1	79.2	2025-03-23 08:00:00+00	t
626	1	2	8.12	2025-03-23 08:00:00+00	t
627	1	1	79.3	2025-03-23 08:10:00+00	t
628	1	2	8.12	2025-03-23 08:10:00+00	t
629	1	1	79.3	2025-03-23 08:20:00+00	t
630	1	2	8.12	2025-03-23 08:20:00+00	t
631	1	1	79.4	2025-03-23 08:30:00+00	t
632	1	2	8.12	2025-03-23 08:30:00+00	t
633	1	1	79.4	2025-03-23 08:40:00+00	t
634	1	2	8.11	2025-03-23 08:40:00+00	t
635	1	1	79.4	2025-03-23 08:50:00+00	t
636	1	2	8.11	2025-03-23 08:50:00+00	t
637	1	1	79.5	2025-03-23 09:00:00+00	t
638	1	2	8.11	2025-03-23 09:00:00+00	t
639	1	1	79.5	2025-03-23 09:10:00+00	t
640	1	2	8.11	2025-03-23 09:10:00+00	t
641	1	1	79.5	2025-03-23 09:20:00+00	t
642	1	2	8.11	2025-03-23 09:20:00+00	t
643	1	1	79.5	2025-03-23 09:30:00+00	t
644	1	2	8.1	2025-03-23 09:30:00+00	t
645	1	1	79.7	2025-03-23 09:40:00+00	t
646	1	2	8.1	2025-03-23 09:40:00+00	t
647	1	1	79.7	2025-03-23 09:50:00+00	t
648	1	2	8.1	2025-03-23 09:50:00+00	t
649	1	1	79.8	2025-03-23 10:00:00+00	t
650	1	2	8.1	2025-03-23 10:00:00+00	t
651	1	1	79.8	2025-03-23 10:10:00+00	t
652	1	2	8.11	2025-03-23 10:10:00+00	t
653	1	1	79.8	2025-03-23 10:20:00+00	t
654	1	2	8.11	2025-03-23 10:20:00+00	t
655	1	1	79.8	2025-03-23 10:30:00+00	t
656	1	2	8.13	2025-03-23 10:30:00+00	t
657	1	1	79.9	2025-03-23 10:40:00+00	t
658	1	2	8.13	2025-03-23 10:40:00+00	t
659	1	1	79.9	2025-03-23 10:50:00+00	t
660	1	2	8.13	2025-03-23 10:50:00+00	t
661	1	1	79.9	2025-03-23 11:00:00+00	t
662	1	2	8.15	2025-03-23 11:00:00+00	t
663	1	1	79.9	2025-03-23 11:10:00+00	t
664	1	2	8.15	2025-03-23 11:10:00+00	t
665	1	1	79.4	2025-03-23 11:20:00+00	t
666	1	2	8.17	2025-03-23 11:20:00+00	t
667	1	1	79.2	2025-03-23 11:30:00+00	t
668	1	2	8.17	2025-03-23 11:30:00+00	t
669	1	1	79	2025-03-23 11:40:00+00	t
670	1	2	8.18	2025-03-23 11:40:00+00	t
671	1	1	78.8	2025-03-23 11:50:00+00	t
672	1	2	8.18	2025-03-23 11:50:00+00	t
673	1	1	78.6	2025-03-23 12:00:00+00	t
674	1	2	8.19	2025-03-23 12:00:00+00	t
675	1	1	79	2025-03-23 12:10:00+00	t
676	1	2	8.2	2025-03-23 12:10:00+00	t
677	1	1	79.1	2025-03-23 12:20:00+00	t
678	1	2	8.2	2025-03-23 12:20:00+00	t
679	1	1	79.2	2025-03-23 12:30:00+00	t
680	1	2	8.22	2025-03-23 12:30:00+00	t
681	1	1	79.3	2025-03-23 12:40:00+00	t
682	1	2	8.22	2025-03-23 12:40:00+00	t
683	1	1	79.5	2025-03-23 12:50:00+00	t
684	1	2	8.22	2025-03-23 12:50:00+00	t
685	1	1	79.7	2025-03-23 13:00:00+00	t
686	1	2	8.24	2025-03-23 13:00:00+00	t
687	1	1	79.8	2025-03-23 13:10:00+00	t
688	1	2	8.24	2025-03-23 13:10:00+00	t
689	1	1	80	2025-03-23 13:20:00+00	t
690	1	2	8.25	2025-03-23 13:20:00+00	t
691	1	1	80.1	2025-03-23 13:30:00+00	t
692	1	2	8.24	2025-03-23 13:30:00+00	t
693	1	1	80.2	2025-03-23 13:40:00+00	t
694	1	2	8.25	2025-03-23 13:40:00+00	t
695	1	1	80.3	2025-03-23 13:50:00+00	t
696	1	2	8.25	2025-03-23 13:50:00+00	t
697	1	1	80.2	2025-03-23 14:00:00+00	t
698	1	2	8.25	2025-03-23 14:00:00+00	t
699	1	1	79.7	2025-03-23 14:10:00+00	t
700	1	2	8.24	2025-03-23 14:10:00+00	t
701	1	1	79.5	2025-03-23 14:20:00+00	t
702	1	2	8.24	2025-03-23 14:20:00+00	t
703	1	1	79.3	2025-03-23 14:30:00+00	t
704	1	2	8.23	2025-03-23 14:30:00+00	t
705	1	1	79.2	2025-03-23 14:40:00+00	t
706	1	2	8.23	2025-03-23 14:40:00+00	t
707	1	1	79.1	2025-03-23 14:50:00+00	t
708	1	2	8.23	2025-03-23 14:50:00+00	t
709	1	1	78.9	2025-03-23 15:00:00+00	t
710	1	2	8.24	2025-03-23 15:00:00+00	t
711	1	1	78.8	2025-03-23 15:10:00+00	t
712	1	2	8.24	2025-03-23 15:10:00+00	t
713	1	1	79.2	2025-03-23 15:20:00+00	t
714	1	2	8.24	2025-03-23 15:20:00+00	t
715	1	1	79.3	2025-03-23 15:30:00+00	t
716	1	2	8.24	2025-03-23 15:30:00+00	t
717	1	1	79.5	2025-03-23 15:40:00+00	t
718	1	2	8.24	2025-03-23 15:40:00+00	t
719	1	1	79.8	2025-03-23 15:50:00+00	t
720	1	2	8.24	2025-03-23 15:50:00+00	t
721	1	1	79.9	2025-03-23 16:00:00+00	t
722	1	2	8.24	2025-03-23 16:00:00+00	t
723	1	1	80.1	2025-03-23 16:10:00+00	t
724	1	2	8.24	2025-03-23 16:10:00+00	t
725	1	1	80.1	2025-03-23 16:20:00+00	t
726	1	2	8.25	2025-03-23 16:20:00+00	t
727	1	1	79.7	2025-03-23 16:30:00+00	t
728	1	2	8.25	2025-03-23 16:30:00+00	t
729	1	1	79.7	2025-03-23 16:40:00+00	t
730	1	2	8.25	2025-03-23 16:40:00+00	t
731	1	1	79.4	2025-03-23 16:50:00+00	t
732	1	2	8.25	2025-03-23 16:50:00+00	t
733	1	1	79.3	2025-03-23 17:00:00+00	t
734	1	2	8.27	2025-03-23 17:00:00+00	t
735	1	1	79.2	2025-03-23 17:10:00+00	t
736	1	2	8.27	2025-03-23 17:10:00+00	t
737	1	1	79.2	2025-03-23 17:20:00+00	t
738	1	2	8.27	2025-03-23 17:20:00+00	t
739	1	1	79.1	2025-03-23 17:30:00+00	t
740	1	2	8.27	2025-03-23 17:30:00+00	t
741	1	1	79	2025-03-23 17:40:00+00	t
742	1	2	8.28	2025-03-23 17:40:00+00	t
743	1	1	78.8	2025-03-23 17:50:00+00	t
744	1	2	8.28	2025-03-23 17:50:00+00	t
745	1	1	78.8	2025-03-23 18:00:00+00	t
746	1	2	8.28	2025-03-23 18:00:00+00	t
747	1	1	79.2	2025-03-23 18:10:00+00	t
748	1	2	8.28	2025-03-23 18:10:00+00	t
749	1	1	79.4	2025-03-23 18:20:00+00	t
750	1	2	8.28	2025-03-23 18:20:00+00	t
751	1	1	79.7	2025-03-23 18:30:00+00	t
752	1	2	8.28	2025-03-23 18:30:00+00	t
753	1	1	79.9	2025-03-23 18:40:00+00	t
754	1	2	8.28	2025-03-23 18:40:00+00	t
755	1	1	80.1	2025-03-23 18:50:00+00	t
756	1	2	8.28	2025-03-23 18:50:00+00	t
757	1	1	79.9	2025-03-23 19:00:00+00	t
758	1	2	8.28	2025-03-23 19:00:00+00	t
759	1	1	79.6	2025-03-23 19:10:00+00	t
760	1	2	8.29	2025-03-23 19:10:00+00	t
761	1	1	79.6	2025-03-23 19:20:00+00	t
762	1	2	8.29	2025-03-23 19:20:00+00	t
763	1	1	79.4	2025-03-23 19:30:00+00	t
764	1	2	8.29	2025-03-23 19:30:00+00	t
765	1	1	79.4	2025-03-23 19:40:00+00	t
766	1	2	8.29	2025-03-23 19:40:00+00	t
767	1	1	79.3	2025-03-23 19:50:00+00	t
768	1	2	8.3	2025-03-23 19:50:00+00	t
769	1	1	79.2	2025-03-23 20:00:00+00	t
770	1	2	8.3	2025-03-23 20:00:00+00	t
771	1	1	79.1	2025-03-23 20:10:00+00	t
772	1	2	8.3	2025-03-23 20:10:00+00	t
773	1	1	79	2025-03-23 20:20:00+00	t
774	1	2	8.3	2025-03-23 20:20:00+00	t
775	1	1	78.9	2025-03-23 20:30:00+00	t
776	1	2	8.3	2025-03-23 20:30:00+00	t
777	1	1	78.9	2025-03-23 20:40:00+00	t
778	1	2	8.3	2025-03-23 20:40:00+00	t
779	1	1	78.8	2025-03-23 20:50:00+00	t
780	1	2	8.31	2025-03-23 20:50:00+00	t
781	1	1	78.7	2025-03-23 21:00:00+00	t
782	1	2	8.31	2025-03-23 21:00:00+00	t
783	1	1	79.1	2025-03-23 21:10:00+00	t
784	1	2	8.31	2025-03-23 21:10:00+00	t
785	1	1	79.3	2025-03-23 21:20:00+00	t
786	1	2	8.31	2025-03-23 21:20:00+00	t
787	1	1	79.6	2025-03-23 21:30:00+00	t
788	1	2	8.31	2025-03-23 21:30:00+00	t
789	1	1	79.8	2025-03-23 21:40:00+00	t
790	1	2	8.31	2025-03-23 21:40:00+00	t
791	1	1	80	2025-03-23 21:50:00+00	t
792	1	2	8.31	2025-03-23 21:50:00+00	t
793	1	1	80.1	2025-03-23 22:00:00+00	t
794	1	2	8.31	2025-03-23 22:00:00+00	t
795	1	1	79.8	2025-03-23 22:10:00+00	t
796	1	2	8.32	2025-03-23 22:10:00+00	t
797	1	1	79.6	2025-03-23 22:20:00+00	t
798	1	2	8.32	2025-03-23 22:20:00+00	t
799	1	1	79.5	2025-03-23 22:30:00+00	t
800	1	2	8.32	2025-03-23 22:30:00+00	t
801	1	1	79.4	2025-03-23 22:40:00+00	t
802	1	2	8.32	2025-03-23 22:40:00+00	t
803	1	1	79.3	2025-03-23 22:50:00+00	t
804	1	2	8.32	2025-03-23 22:50:00+00	t
805	1	4	506	2025-03-21 04:14:34+00	t
806	1	5	1454	2025-03-21 04:14:34+00	t
807	1	3	9.37	2025-03-21 04:19:19+00	t
808	1	3	9.48	2025-03-21 10:10:01+00	t
809	1	4	506	2025-03-21 16:14:27+00	t
810	1	5	1453	2025-03-21 16:14:27+00	t
811	1	3	9.5	2025-03-21 16:19:11+00	t
812	1	3	9.59	2025-03-21 22:10:00+00	t
813	1	4	502	2025-03-22 04:14:34+00	t
814	1	5	1454	2025-03-22 04:14:34+00	t
815	1	3	9.38	2025-03-22 04:19:19+00	t
816	1	3	9.49	2025-03-22 10:10:01+00	t
817	1	4	505	2025-03-22 16:14:26+00	t
818	1	5	1453	2025-03-22 16:14:26+00	t
819	1	3	9.53	2025-03-22 16:19:11+00	t
820	1	3	9.58	2025-03-22 22:10:00+00	t
821	1	4	499	2025-03-23 04:14:34+00	t
822	1	5	1451	2025-03-23 04:14:34+00	t
823	1	3	9.32	2025-03-23 04:19:19+00	t
824	1	3	9.41	2025-03-23 10:10:01+00	t
825	1	4	500	2025-03-23 16:14:26+00	t
826	1	5	1448	2025-03-23 16:14:26+00	t
827	1	3	9.48	2025-03-23 16:19:11+00	t
828	1	3	9.57	2025-03-23 22:10:00+00	t
6601	1	1	79.2	2025-03-23 23:00:00+00	t
6602	1	2	8.32	2025-03-23 23:00:00+00	t
14903	1	1	79.1	2025-03-23 23:10:00+00	t
14904	1	2	8.32	2025-03-23 23:10:00+00	t
\.


--
-- Name: alarm_id_seq; Type: SEQUENCE SET; Schema: tank_data_schema; Owner: postgres
--

SELECT pg_catalog.setval('tank_data_schema.alarm_id_seq', 1, false);


--
-- Name: device_id_seq; Type: SEQUENCE SET; Schema: tank_data_schema; Owner: postgres
--

SELECT pg_catalog.setval('tank_data_schema.device_id_seq', 6, true);


--
-- Name: device_power_target_id_seq; Type: SEQUENCE SET; Schema: tank_data_schema; Owner: postgres
--

SELECT pg_catalog.setval('tank_data_schema.device_power_target_id_seq', 7, true);


--
-- Name: device_type_id_seq; Type: SEQUENCE SET; Schema: tank_data_schema; Owner: postgres
--

SELECT pg_catalog.setval('tank_data_schema.device_type_id_seq', 1, true);


--
-- Name: parameter_id_seq; Type: SEQUENCE SET; Schema: tank_data_schema; Owner: postgres
--

SELECT pg_catalog.setval('tank_data_schema.parameter_id_seq', 10, true);


--
-- Name: parameter_reading_id_seq; Type: SEQUENCE SET; Schema: tank_data_schema; Owner: postgres
--

SELECT pg_catalog.setval('tank_data_schema.parameter_reading_id_seq', 15760, true);


--
-- Name: tank_id_seq; Type: SEQUENCE SET; Schema: tank_data_schema; Owner: postgres
--

SELECT pg_catalog.setval('tank_data_schema.tank_id_seq', 2, true);


--
-- PostgreSQL database dump complete
--

